,,Age-Sex Level,Total Level
0,mean_2006,29.3498722183391,25.68848115719809
1,median_2006,16.95159963813346,19.78765830559129
2,percentile_90_2006,66.97554714427613,48.25871410319505
3,mean_2011,165.77571334588873,131.95393578296492
4,median_2011,44.68567418905262,65.59473724443423
5,percentile_90_2011,412.50975141062474,324.86458527749505
