,,Age-Sex Level,Total Level
0,mean_2006,20.19548735088061,18.563615000499897
1,median_2006,15.115201857426797,16.011111254762547
2,percentile_90_2006,41.9115403002362,27.31731020765114
3,mean_2011,34.49404466627512,32.92276829891429
4,median_2011,25.477737367014957,25.92404424085767
5,percentile_90_2011,74.31714055285376,57.788143502888126
