,,Age-Sex Level,Total Level
0,mean_2006,23.87350800118622,21.623491819685782
1,median_2006,10.152790208989032,10.245195279193565
2,percentile_90_2006,31.94191644763813,23.469409644001786
3,mean_2011,323.38436948858816,306.03073963765996
4,median_2011,18.03383842221681,17.47776016641589
5,percentile_90_2011,71.7945988295464,66.78507764957885
