,,Age-Sex Level,Total Level
0,mean_2006,15.738553043778403,14.276174435172228
1,median_2006,10.246333950921564,10.486543602964101
2,percentile_90_2006,32.085069851864674,23.55424997618031
3,mean_2011,27.983041953264856,26.71034206890563
4,median_2011,18.30477262835938,18.940155837668797
5,percentile_90_2011,56.16052141180187,48.35217356609134
