,,Age-Sex Level,Total Level
0,mean_2006,23.16049758527394,17.401031013399272
1,median_2006,14.351388317679094,16.017525920979832
2,percentile_90_2006,46.11389279010815,26.01190488291723
3,mean_2011,29.116285294712206,22.323343746531993
4,median_2011,18.253349728054474,20.990043986406203
5,percentile_90_2011,59.20251501226859,34.14678400928678
