,,Age-Sex Level,Total Level
0,mean_2006,74.0108376754858,68.94234404577956
1,median_2006,11.764596971021213,12.136800114026952
2,percentile_90_2006,39.954113691790425,31.013486990486886
3,mean_2011,70023.60825995728,68797.35992473869
4,median_2011,22.460689750892875,22.104608200253267
5,percentile_90_2011,135.32434582801702,159.61602457070904
