,,Age-Sex Level,Total Level
0,mean_2006,14.62724641550727,12.995493852178596
1,median_2006,11.456617185312108,11.921584281399793
2,percentile_90_2006,29.64837719815945,18.272314540261256
3,mean_2011,21.511061357490437,19.85871869170202
4,median_2011,17.076247538231073,17.453582278186623
5,percentile_90_2011,43.64926488240178,29.531922852661598
