,,Age-Sex Level,Total Level
0,mean_2006,18.255592042377536,16.313048173187646
1,median_2006,10.535059104350347,10.97563270159744
2,percentile_90_2006,30.128248222350262,21.237892698853166
3,mean_2011,128.05162010949505,110.57469206501042
4,median_2011,17.412727061707272,17.983696535821718
5,percentile_90_2011,49.645115625586925,39.41915006572952
