,,Age-Sex Level,Total Level
0,mean_2006,7.109846752892361,6.656115047287179
1,median_2006,4.792166350153559,5.2585539266360275
2,percentile_90_2006,15.613988763867754,11.097638876156156
3,mean_2011,11.54291509215559,11.449506733810171
4,median_2011,8.136693972831031,9.41641223861225
5,percentile_90_2011,25.626564482559274,18.88536022837502
