,,Age-Sex Level,Total Level
0,mean_2006,7.049277850649979,6.598742200850509
1,median_2006,4.767122840795664,5.255283347741687
2,percentile_90_2006,15.418088987681775,11.065013375765712
3,mean_2011,11.489949663266882,11.433741378923846
4,median_2011,8.125885605978532,9.414456419484617
5,percentile_90_2011,25.469595234278188,18.891565446710217
