ASFR,TFR,SRB
0.012725,1.8268125000000002,105.7
0.047799999999999995,,
0.09527500000000001,,
0.1224875,,
0.0708125,,
0.015187499999999998,,
0.0010750000000000002,,
